Tier,Business,URL,Category/Section,Priority,NAP file used,Description variant,Status,Submitted date,Live URL,Dofollow,Notes
A,Google Business Profile,https://www.google.com/business/,Pawn shop (primary) + Gold dealer etc,CRITICAL,Canonical,B2,Not started,,,
A,Apple Business Connect,https://businessconnect.apple.com/,Maps listing,High,Canonical,B1,Not started,,,
A,Bing Places,https://www.bingplaces.com/,Maps listing,Medium,Canonical,B1,Not started,,,
B,Facebook Page (optimize),https://www.facebook.com/Cash4GoldSA/,Local business,High,Canonical,B4,Exists — needs fields/services/hours/reviews,,,
B,Yellow Pages SA,https://www.yellowpages.co.za/,Gold buyers / Pawnbrokers,High,Canonical,B2,Not started,,,
B,Brabys,https://www.brabys.com/,Jewellers / Pawnbrokers,High,Canonical,B2,Not started,,,
B,SA Yellow,https://www.sayellow.co.za/,Gold buyers,Medium,Canonical,B2,Not started,,,
B,Snupit,https://www.snupit.co.za/,Buying & selling services,Medium,Canonical,B2,Not started,,,
B,Hellopeter,https://www.hellopeter.com/,Financial / Retail claim profile,High,Canonical,B4,Not started,,,
B,Foursquare,https://foursquare.com/,Pawn shop,Medium,Canonical,B1,Not started,,,
B,Ananzi,https://www.ananzi.co.za/,Directory listing,Medium,Canonical,B2,Not started,,,
B,EasyInfo,https://www.easyinfo.co.za/,Directory listing,Low,Canonical,B1,Not started,,,
B,Cylex SA,https://www.cylex.co.za/,Directory listing,Low,Canonical,B1,Not started,,,
B,Hotfrog SA,https://www.hotfrog.co.za/,Directory listing,Low,Canonical,B2,Not started,,,
B,Tuugo SA,https://www.tuugo.co.za/,Directory listing,Low,Canonical,B1,Not started,,,
B,Yalwa SA,https://www.yalwa.co.za/,Directory listing,Low,Canonical,B1,Not started,,,
B,Opendi SA,https://www.opendi.co.za/,Directory listing,Low,Canonical,B1,Not started,,,
B,Yoco merchant directory,https://www.yoco.com/za/business-directory/,Only if client uses Yoco,Low,Canonical,B1,Not started,,,
C,Gumtree SA,https://www.gumtree.co.za/,Services — Business services,High,Canonical,B3,Not started,,,
C,Locanto SA,https://www.locanto.co.za/,Services,Medium,Canonical,B3,Not started,,,
D,Jewellery Council of SA,,Membership directory,Medium,Canonical,B2,Blocked — client must confirm membership,,,
D,Rand West Chamber / local business register,,Local register,Low,Canonical,B2,Not started,,,
D,LinkedIn Company Page,https://www.linkedin.com/,Company page,Medium,Canonical,B2,Not started,,,
